# kind	storage_key	source_path	sha256
master	samples/image-templates/travel-selfie-7cddcdca2c12.webp	tools/imagegen/out/reference-v1/masters/travel-selfie_devon-kitten_9x16_v05.webp	7cddcdca2c12a8c89b95720bb1876a3bb5302ca85a410171a8e1f667d975b723
master	samples/image-templates/pet-barista-c35b8c8b79e3.webp	tools/imagegen/out/reference-v1/masters/pet-barista_shiba_9x16_v05.webp	c35b8c8b79e3290bee3a377aba4e438aa4cbb23e3e4c2abd8455a17ef23deecd
master	samples/image-templates/roller-coaster-5b7a3eababd7.webp	tools/imagegen/out/reference-v1/masters/roller-coaster_corgi_9x16_v01.webp	5b7a3eababd7da3e8cededad8f6e4beba4f254b0d5e2d43b323cf6bfdd392a48
master	samples/image-templates/pet-wanted-poster-0171c933caae.webp	tools/imagegen/out/reference-v1/masters/pet-wanted-poster_golden-retriever_9x16_v01.webp	0171c933caae51a451bdf9fb43f5721f3935f73daa5bca91469e84ef2088beee
master	samples/image-templates/pet-encyclopedia-4c9d456a080d.webp	tools/imagegen/out/reference-v1/masters/pet-encyclopedia_british-shorthair_9x16_v02.webp	4c9d456a080dd208433afeaf5715eb740d3377d556c1999bc9e338a77b16eaa9
master	samples/image-templates/pet-character-sheet-d10172f389dc.webp	tools/imagegen/out/reference-v1/masters/pet-character-sheet_tuxedo-cat_16x9_v01.webp	d10172f389dc86daead937b7de0e42d9317c44518ed24086c89d59351f31530b
master	samples/image-templates/pet-expression-grid-30c2d3341262.webp	tools/imagegen/out/reference-v1/masters/pet-expression-grid_cream-cat_9x16_v01.webp	30c2d334126279b15ca7c74c29ebfd52f92769e19904514d25b59e7d09031b78
master	samples/image-templates/pet-runway-77a15753d65d.webp	tools/imagegen/out/reference-v1/masters/pet-runway_maine-coon-cat_9x16_v04.webp	77a15753d65df05d52393d8e42a23cea3bf6f3448481217eb0e1645b49cdbfa5
master	samples/image-templates/landmark-adventure-61ebb97fa9a7.webp	tools/imagegen/out/reference-v1/masters/landmark-adventure_abyssinian-cat_9x16_v01.webp	61ebb97fa9a7b755c04526e247d161ec2a2e1e3ba19a41f0dea519bc1eaed1f9
master	samples/image-templates/dessert-shopkeeper-d72ec372bf8d.webp	tools/imagegen/out/reference-v1/masters/dessert-shopkeeper_public-v02-master-v01.webp	d72ec372bf8d06f12a0578ede90ecf3176011d6f0e0a55961035164108cd0c95
master	samples/image-templates/decorative-art-portrait-7113eeca312f.webp	tools/imagegen/out/reference-v1/masters/decorative-art-portrait_ragdoll-cat_9x16_v05.webp	7113eeca312feb28ffec548830943be74aab8512db99316686b7700d1cc7a976
master	samples/image-templates/mini-companion-52fb067810d4.webp	tools/imagegen/out/reference-v1/masters/mini-companion_maine-coon-cat_9x16_v13.webp	52fb067810d44d3011b7e79303c43c01e6ec46524408f0316c50fb44574c2581
master	samples/image-templates/adventure-rules-c5b79e112180.webp	tools/imagegen/out/reference-v1/masters/adventure-rules_corgi-dog_9x16_v04.webp	c5b79e112180dfd00e806b0dcf8f0378a25bf90cf37f7eab7a6764b824dd2ca8
master	samples/image-templates/ink-portrait-050b7f7f346b.webp	tools/imagegen/out/reference-v1/masters/ink-portrait_black-labrador-dog_9x16_reset-v03-reference-gaze-rerun-v01.webp	050b7f7f346b6a26cd3725872cea643ce1bb0d4430a4dac9f7bddbb20d574893
master	samples/image-templates/original-magic-academy-32b3092734f2.webp	tools/imagegen/out/reference-v1/masters/original-magic-academy_public-v02-master-v01.webp	32b3092734f299d11c082c64b45f0bdd0cf3ebf5cad07c49ff6d08f3a2d83e8e
master	samples/image-templates/epic-ruins-7a47743b445d.webp	tools/imagegen/out/reference-v1/masters/epic-ruins_german-shepherd-dog_16x9_v02.webp	7a47743b445d4bd2ee0374b2b63741a9fe509c223ab5264f7038089ff68bc541
master	samples/image-templates/pet-life-journal-d7a87fba5d3d.webp	tools/imagegen/out/reference-v1/masters/pet-life-journal_toy-poodle-dog_9x16_v01.webp	d7a87fba5d3d2fe7af7724770c52690265b3aad1d849de88cfdbd53270544a6e
master	samples/image-templates/fish-chase-e1afae3de413.webp	tools/imagegen/out/reference-v1/masters/fish-chase_owner-f01_tuxedo-cat_9x16_v04.webp	e1afae3de41319c73e488ce4034cea84f7c6c5e2326ed0df9de72e8b937bd10c
master	samples/image-templates/garden-together-005ea7abd8bb.webp	tools/imagegen/out/reference-v1/masters/garden-together_owner-f02_cream-cat_9x16_v01.webp	005ea7abd8bbce4310f23992eb6d829e464be4c92a6945579da4277ba2214ef1
master	samples/image-templates/street-comic-together-f3df172173bd.webp	tools/imagegen/out/reference-v1/masters/street-comic-together_owner-m01_shiba-dog_9x16_v01.webp	f3df172173bd51c5ed824788f53127a630267fcee210ca5319338b6caca8e057
master	samples/image-templates/night-together-424aeb7d8e1a.webp	tools/imagegen/out/reference-v1/masters/night-together_owner-m02_husky-dog_9x16_v01.webp	424aeb7d8e1aad7e4aa5e5e5d115419e9924f1eff515646c7c035ea6aff1d7c3
master	samples/image-templates/animal-desert-pilot-fc04632d29a1.webp	tools/imagegen/out/reference-v1/masters/animal-desert-pilot_shepherd-dog_9x16_v01.webp	fc04632d29a1d08108f29a75a9c403b873d0fc471dc48b7e95e57b1c4bc81d2a
master	samples/image-templates/animal-headphone-streetwear-911c9bf3cc46.webp	tools/imagegen/out/reference-v1/masters/animal-headphone-streetwear_blue-british-cat_9x16_v02.webp	911c9bf3cc468c6ff53f1ca4da7fc76b9b4b3baec6d6fa20d076a8fb38df69f0
master	samples/image-templates/animal-sunglasses-rabbit-163c1dc99645.webp	tools/imagegen/out/reference-v1/masters/animal-sunglasses-rabbit_cream-cat_9x16_v02.webp	163c1dc99645fba89997c466c12a955f5fa3c2f2385bf96aa7fc076e4cf8816f
master	samples/image-templates/animal-capybara-snapshot-18aeb7bcc0d2.webp	tools/imagegen/out/reference-v1/masters/animal-capybara-snapshot_golden-dog_9x16_v02.webp	18aeb7bcc0d2e88a44d0a291cf8af1341b1364f76b21f2886c922fdb54732807
master	samples/image-templates/animal-giant-city-companion-41bbb8ca30f7.webp	tools/imagegen/out/reference-v1/masters/animal-giant-city-companion_public-v02-master-v01.webp	41bbb8ca30f7ec488c0da33c2ddebeca291fc8a68e24a6bb286c8f1835a200fe
master	samples/image-templates/animal-doodle-fisheye-chicken-43759e12d722.webp	tools/imagegen/out/reference-v1/masters/animal-doodle-fisheye-chicken_public-v02-master-v01.webp	43759e12d722b2f6380087e324ca6c10097e561d83eaeac214a9ecb0ef8bb22f
master	samples/image-templates/animal-car-window-westie-ce10c248c6be.webp	tools/imagegen/out/reference-v1/masters/animal-car-window-westie_public-v02-master-v01.webp	ce10c248c6befe6e6e262f8247828453d73d4503bbffb33a1c0ccdc400a78955
master	samples/image-templates/animal-enamel-cat-beast-a29ec8b6d047.webp	tools/imagegen/out/reference-v1/masters/animal-enamel-cat-beast_ragdoll-cat_9x16_v03.webp	a29ec8b6d047d0458ef7d5b5a093cd708087e028a8ece72ad3f704f152e76e11
master	samples/image-templates/animal-glass-paw-portrait-c1fb2e4903c7.webp	tools/imagegen/out/reference-v1/masters/animal-glass-paw-portrait_toy-poodle-dog_9x16_v03.webp	c1fb2e4903c7d33ee4d4eced1b39a363f14f225a48df40956e10d12e5a630b9e
master	samples/image-templates/animal-urban-takeover-poster-aab05fb3a5f5.webp	tools/imagegen/out/reference-v1/masters/animal-urban-takeover-poster_tuxedo-cat_9x16_v01.webp	aab05fb3a5f53062ea526f450b9e00ac4710fefc52873a5fa15c4a1927be098c
master	samples/image-templates/animal-warrior-cat-75e8984bfb4b.webp	tools/imagegen/out/reference-v1/masters/animal-warrior-cat_abyssinian-cat_9x16_v02.webp	75e8984bfb4b3c2853367362ce5fc7648c39a008df04ee07c7e184e291e6d446
master	samples/image-templates/animal-sunglasses-rabbit-alt-8812cad9e909.webp	tools/imagegen/out/reference-v1/masters/animal-sunglasses-rabbit-alt_golden-dog_9x16_v02.webp	8812cad9e9094dd65c4abd3565e0ce6b0489d801962fceef145038c152c756d2
master	samples/image-templates/animal-pink-scooter-1f0caec0e1df.webp	tools/imagegen/out/reference-v1/masters/animal-pink-scooter_corgi-dog_9x16_v01.webp	1f0caec0e1df626638a74dfe431e1d13d87a2fc1f636fdbb5823894dd4715221
master	samples/image-templates/animal-haunted-cctv-panels-dd6e1a01e2ee.webp	tools/imagegen/out/reference-v1/masters/animal-haunted-cctv-panels_shiba-dog_9x16_v01.webp	dd6e1a01e2eeafe3faed6250daf89fddb3eb875076e5dac7c114fd99000d1e49
master	samples/image-templates/animal-sword-cat-alt-08ff8046f31d.webp	tools/imagegen/out/reference-v1/masters/animal-sword-cat-alt_silver-abyssinian-cat_9x16_v03.webp	08ff8046f31d27dcbde14c441976c0fa1b1713b4df5f761a030414c659c64bdb
master	samples/image-templates/animal-enamel-dragon-ae44bbbcdb96.webp	tools/imagegen/out/reference-v1/masters/animal-enamel-dragon_husky-dog_9x16_stylebridge-v02.webp	ae44bbbcdb96acc6a18e24e200019d61e455a853224ea58744a3b10f2d8bd022
master	samples/image-templates/animal-giant-law-poster-8350536372ed.webp	tools/imagegen/out/reference-v1/masters/animal-giant-law-poster_shepherd-dog_9x16_stylebridge-v04.webp	8350536372ede043478046c1148281023f1b8927f6cef2dd6f4fa4db9012d298
master	samples/image-templates/animal-tiger-storm-6b9dc5cd3c13.webp	tools/imagegen/out/reference-v1/masters/animal-tiger-storm_golden-dog_9x16_stylebridge-v02.webp	6b9dc5cd3c136a242ea383a71075d2bdd961fc7aee5ce6c663bcbd33efe8de90
master	samples/image-templates/animal-rabbit-yokai-c0a115de22a5.webp	tools/imagegen/out/reference-v1/masters/animal-rabbit-yokai_cream-cat_9x16_stylebridge-v03.webp	c0a115de22a50cd3bccd49815e98b8d5d26032bba31e48dcea09fbc302d8e6a1
master	samples/image-templates/animal-watercolor-cat-closeup-e1e6abeba4d4.webp	tools/imagegen/out/reference-v1/masters/animal-watercolor-cat-closeup_ragdoll-cat_9x16_stylebridge-v03.webp	e1e6abeba4d4bc3ff8976b9b6ef9bc7e392dd3af3a22fa4ad5cfbdbf373f0174
master	samples/image-templates/animal-fantasy-double-exposure-243baf5783f3.webp	tools/imagegen/out/reference-v1/masters/animal-fantasy-double-exposure_black-lab-dog_9x16_eastern-myth-v02.webp	243baf5783f3f27f3366d6648ebd7f9543674cce3ce73c08a376c7a27c8b3def
master	samples/image-templates/fun-breed-expression-grid-d1c4152bc5fc.webp	tools/imagegen/out/reference-v1/masters/fun-breed-expression-grid_corgi-dog_9x16_v01.webp	d1c4152bc5fcbb8d9f022a41992af5a601ed3eb6b2e17edb47ddfc8b9ab94c40
master	samples/image-templates/fun-bubble-cat-69710dea4cf2.webp	tools/imagegen/out/reference-v1/masters/fun-bubble-cat_cream-cat_9x16_v01.webp	69710dea4cf2ab848a2eb93c6da50f87c9d5ee6ac93859f1fd45b946f064efa2
master	samples/image-templates/fun-heart-comic-5f9f66be529f.webp	tools/imagegen/out/reference-v1/masters/fun-heart-comic_cream-cat_9x16_v01.webp	5f9f66be529f6ba1f66bb6648950859683e4441fdf9273a6215b25b630d380aa
master	samples/image-templates/fun-handwritten-greeting-5595565a16c1.webp	tools/imagegen/out/reference-v1/masters/fun-handwritten-greeting_corgi-dog_9x16_v01.webp	5595565a16c16d45edb07fa9c4f3c6c422eb3450beef28738efa61ee4df4b806
master	samples/image-templates/travel-rome-dog-selfie-f6c0eb880908.webp	tools/imagegen/out/reference-v1/masters/travel-rome-dog-selfie_corgi-dog_9x16_v01.webp	f6c0eb880908a6f015283afa59e485b0e7feec26d55bb4e1a5988e2163420217
master	samples/image-templates/travel-great-wall-drink-c4342bfb0cc9.webp	tools/imagegen/out/reference-v1/masters/travel-great-wall-drink_husky-dog_9x16_v01.webp	c4342bfb0cc9cad1bd6336a5135c396e19ab1ba858db12eff8146c5f7bab890c
master	samples/image-templates/travel-alpine-expedition-4892416eb16c.webp	tools/imagegen/out/reference-v1/masters/travel-alpine-expedition_golden-dog_9x16_v01.webp	4892416eb16c65832b367d8908db5d6b5d5ced8d2fc17858186173379714dc91
master	samples/image-templates/travel-glass-summer-a6f5669deade.webp	tools/imagegen/out/reference-v1/masters/travel-glass-summer_tuxedo-cat_9x16_v01.webp	a6f5669deade10ee71ab1d43b505f647c4d290cfba45743569f69f5cbd2e5017
master	samples/image-templates/pet-milk-tea-shopkeeper-c88f2aafc907.webp	tools/imagegen/out/reference-v1/masters/pet-milk-tea-shopkeeper_public-v01-master-v01.webp	c88f2aafc907b1772f7c909f71835e1f6c15eba5913478ba89bdf305881cbeaf
master	samples/image-templates/pet-streetwear-editorial-7b2f1e589489.webp	tools/imagegen/out/reference-v1/masters/pet-streetwear-editorial_blue-british-cat_9x16_v01.webp	7b2f1e589489a1636cb33e1cd2ba832c560107147d2d9d13452aeff27c97e639
master	samples/image-templates/pet-autumn-festival-b692c737ce20.webp	tools/imagegen/out/reference-v1/masters/pet-autumn-festival_shiba-dog_9x16_v01.webp	b692c737ce20914eb95169e5aff7db0a3c25022f8184254802e90584f4a43230
master	samples/image-templates/pet-forest-editorial-4a90eb0e6cf9.webp	tools/imagegen/out/reference-v1/masters/pet-forest-editorial_poodle-dog_9x16_v01.webp	4a90eb0e6cf9fc28d30c1d0770aa2db549b54ec04040240aaf6415f77afb9bab
master	samples/image-templates/pet-monocle-editorial-9d40c04b0935.webp	tools/imagegen/out/reference-v1/masters/pet-monocle-editorial_golden-dog_9x16_v01.webp	9d40c04b09353c8bd80367543c204b379df093bcaf9c8891150ee8924eaca5a1
master	samples/image-templates/action-giant-companion-ee03411029a9.webp	tools/imagegen/out/reference-v1/masters/action-giant-companion_ragdoll-cat_9x16_v01.webp	ee03411029a99ef8809e5f65b713fa5c96a68f6acc8fa9fe5a76ab2fc3f026ab
master	samples/image-templates/action-original-sci-fi-poster-9c0f2b1f8cd4.webp	tools/imagegen/out/reference-v1/masters/action-original-sci-fi-poster_shepherd-dog_9x16_v01.webp	9c0f2b1f8cd493df22fd0eacbb7c5ec6053a8eb28198a42c0df6fc39cc2540e1
master	samples/image-templates/character-outfit-grid-6dd9f9f41a8d.webp	tools/imagegen/out/reference-v1/masters/character-outfit-grid_husky-dog_9x16_v03.webp	6dd9f9f41a8d451ba061e00015c32f77160f315b08654c0e374dbd80538caac4
master	samples/image-templates/character-product-blueprint-bb078b77ea8a.webp	tools/imagegen/out/reference-v1/masters/character-product-blueprint_corgi-dog_9x16_v04.webp	bb078b77ea8a0411e77cb61f754cd24506edd02b5405659c578e32d855994889
master	samples/image-templates/character-snow-leopard-f399ef35aaa1.webp	tools/imagegen/out/reference-v1/masters/character-snow-leopard_tuxedo-cat_9x16_v05.webp	f399ef35aaa10c4507c4d6478087919a86ccf94b23db16aff448820b696af0a2
master	samples/image-templates/character-white-tiger-1223945670fe.webp	tools/imagegen/out/reference-v1/masters/character-white-tiger_blue-british-cat_9x16_v04.webp	1223945670fee696dce29c615ffc64beeeab1eaa64bf23c82d068c3c8dc6b4a9
master	samples/image-templates/character-mini-display-fd16dadc6131.webp	tools/imagegen/out/reference-v1/masters/character-mini-display_shiba-dog_9x16_v04.webp	fd16dadc6131ff08c461e658cdcf8f61e0a1e0c064576527642aba319a24d3ce
master	samples/image-templates/archive-career-poster-29c191ad266f.webp	tools/imagegen/out/reference-v1/masters/archive-career-poster_black-lab-dog_9x16_v01.webp	29c191ad266ffbf81edb12d673e1fa075ab35287c138bc1f6bd6ea504c59f4d5
master	samples/image-templates/archive-memory-double-exposure-190b34cc6fb7.webp	tools/imagegen/out/reference-v1/masters/archive-memory-double-exposure_cream-cat_9x16_v01.webp	190b34cc6fb7b56a071d34be4bd5a495903176fc2ab2b0207b3679fb6127eb7e
master	samples/image-templates/archive-dragon-atlas-fbbbc6fbc8cc.webp	tools/imagegen/out/reference-v1/masters/archive-dragon-atlas_dragon-li-cat_9x16_v01.webp	fbbbc6fbc8ccccb3cf5a87e4fb6d335b6c4053c6f9dbac88d7430d04fd1fae43
master	samples/image-templates/ink-silhouette-ed16c5c7eda4.webp	tools/imagegen/out/reference-v1/masters/ink-silhouette_black-lab-dog_9x16_v02.webp	ed16c5c7eda48d5898302e1a64b8795acc220523de6589b2b299082388860f8e
master	samples/image-templates/ink-fullbody-flight-8800ea7f50c0.webp	tools/imagegen/out/reference-v1/masters/ink-fullbody-flight_tuxedo-cat_9x16_v02.webp	8800ea7f50c0e4132e17e17b8a7a8697d39c9a84003af071530ab059f7a69338
master	samples/image-templates/ink-brush-avatar-8df38948469b.webp	tools/imagegen/out/reference-v1/masters/ink-brush-avatar_golden-dog_9x16_v01.webp	8df38948469b4107603a514af7e50e86783a4ec53376c8d526f1855e3ae077fa
master	samples/image-templates/fun-chef-expression-grid-d9c9d2584cde.webp	tools/imagegen/out/reference-v1/masters/fun-chef-expression-grid_siberian-longhair-cat_9x16_v02.webp	d9c9d2584cdea948178a8d73b3150fd00b126b28cb2273b291db73e7443876ca
master	samples/image-templates/fun-scream-reaction-c3b2acd53a29.webp	tools/imagegen/out/reference-v1/masters/fun-scream-reaction_husky-dog_9x16_v02.webp	c3b2acd53a290a6e076bdb1649c4515a4530bd1c7518479ff9632177c612535e
master	samples/image-templates/fun-comic-panels-72dca582f7eb.webp	tools/imagegen/out/reference-v1/masters/fun-comic-panels_tuxedo-cat_9x16_v03.webp	72dca582f7eb2d8607a37a2fa16ec048732652b4653f767c96f7dcf31298d73d
master	samples/image-templates/fun-beach-caption-c2518f34eb41.webp	tools/imagegen/out/reference-v1/masters/fun-beach-caption_shiba-dog_9x16_v02.webp	c2518f34eb4169842e7a0c0c83d1aede610c5f06e55f5f789c12c22f05d2df7b
master	samples/image-templates/fun-bunny-reaction-90c37c304654.webp	tools/imagegen/out/reference-v1/masters/fun-bunny-reaction_longhair-chihuahua-dog_9x16_v02.webp	90c37c30465402eae8a80e0fa9c0c90950495103a120b91d67614cbafa3f133c
master	samples/image-templates/fun-fisheye-closeup-446494747c63.webp	tools/imagegen/out/reference-v1/masters/fun-fisheye-closeup_black-cat_9x16_v03.webp	446494747c6390ec84d7f2814044a4ab1e6a097c320ba89684cba85a93ea7fad
master	samples/image-templates/travel-paris-dog-selfie-52e868ef3f8a.webp	tools/imagegen/out/reference-v1/masters/travel-paris-dog-selfie_black-lab-dog_9x16_v03.webp	52e868ef3f8a48ff9c25867fe0cde91731671f065f23fb856424346d205c0231
master	samples/image-templates/archive-fish-anatomy-cf9676c5dfdb.webp	tools/imagegen/out/reference-v1/masters/archive-fish-anatomy_blue-british-cat_9x16_v02.webp	cf9676c5dfdb50420dd9c836f4b31a57421cf986ac35ec27eff9893857c0580f
preview	samples/image-template-previews/travel-selfie-7cddcdca2c12.webp	tools/imagegen/out/reference-v1/masters/travel-selfie_devon-kitten_9x16_v05.webp	7cddcdca2c12a8c89b95720bb1876a3bb5302ca85a410171a8e1f667d975b723
preview	samples/image-template-previews/pet-barista-c35b8c8b79e3.webp	tools/imagegen/out/reference-v1/masters/pet-barista_shiba_9x16_v05.webp	c35b8c8b79e3290bee3a377aba4e438aa4cbb23e3e4c2abd8455a17ef23deecd
preview	samples/image-template-previews/roller-coaster-5b7a3eababd7.webp	tools/imagegen/out/reference-v1/masters/roller-coaster_corgi_9x16_v01.webp	5b7a3eababd7da3e8cededad8f6e4beba4f254b0d5e2d43b323cf6bfdd392a48
preview	samples/image-template-previews/pet-wanted-poster-0171c933caae.webp	tools/imagegen/out/reference-v1/masters/pet-wanted-poster_golden-retriever_9x16_v01.webp	0171c933caae51a451bdf9fb43f5721f3935f73daa5bca91469e84ef2088beee
preview	samples/image-template-previews/pet-encyclopedia-4c9d456a080d.webp	tools/imagegen/out/reference-v1/masters/pet-encyclopedia_british-shorthair_9x16_v02.webp	4c9d456a080dd208433afeaf5715eb740d3377d556c1999bc9e338a77b16eaa9
preview	samples/image-template-previews/pet-character-sheet-d10172f389dc.webp	tools/imagegen/out/reference-v1/masters/pet-character-sheet_tuxedo-cat_16x9_v01.webp	d10172f389dc86daead937b7de0e42d9317c44518ed24086c89d59351f31530b
preview	samples/image-template-previews/pet-expression-grid-30c2d3341262.webp	tools/imagegen/out/reference-v1/masters/pet-expression-grid_cream-cat_9x16_v01.webp	30c2d334126279b15ca7c74c29ebfd52f92769e19904514d25b59e7d09031b78
preview	samples/image-template-previews/pet-runway-77a15753d65d.webp	tools/imagegen/out/reference-v1/masters/pet-runway_maine-coon-cat_9x16_v04.webp	77a15753d65df05d52393d8e42a23cea3bf6f3448481217eb0e1645b49cdbfa5
preview	samples/image-template-previews/landmark-adventure-61ebb97fa9a7.webp	tools/imagegen/out/reference-v1/masters/landmark-adventure_abyssinian-cat_9x16_v01.webp	61ebb97fa9a7b755c04526e247d161ec2a2e1e3ba19a41f0dea519bc1eaed1f9
preview	samples/image-template-previews/dessert-shopkeeper-d72ec372bf8d.webp	tools/imagegen/out/reference-v1/masters/dessert-shopkeeper_public-v02-master-v01.webp	d72ec372bf8d06f12a0578ede90ecf3176011d6f0e0a55961035164108cd0c95
preview	samples/image-template-previews/decorative-art-portrait-7113eeca312f.webp	tools/imagegen/out/reference-v1/masters/decorative-art-portrait_ragdoll-cat_9x16_v05.webp	7113eeca312feb28ffec548830943be74aab8512db99316686b7700d1cc7a976
preview	samples/image-template-previews/mini-companion-347ec9958433.webp	tools/imagegen/out/reference-v1/public-previews/mini-companion_abyssinian-cat_9x16_v04.webp	347ec995843315237e8dda6e601bbf016d1f35fc7d900b12299e5204f5da9526
preview	samples/image-template-previews/adventure-rules-c5b79e112180.webp	tools/imagegen/out/reference-v1/masters/adventure-rules_corgi-dog_9x16_v04.webp	c5b79e112180dfd00e806b0dcf8f0378a25bf90cf37f7eab7a6764b824dd2ca8
preview	samples/image-template-previews/ink-portrait-050b7f7f346b.webp	tools/imagegen/out/reference-v1/masters/ink-portrait_black-labrador-dog_9x16_reset-v03-reference-gaze-rerun-v01.webp	050b7f7f346b6a26cd3725872cea643ce1bb0d4430a4dac9f7bddbb20d574893
preview	samples/image-template-previews/original-magic-academy-32b3092734f2.webp	tools/imagegen/out/reference-v1/masters/original-magic-academy_public-v02-master-v01.webp	32b3092734f299d11c082c64b45f0bdd0cf3ebf5cad07c49ff6d08f3a2d83e8e
preview	samples/image-template-previews/epic-ruins-7a47743b445d.webp	tools/imagegen/out/reference-v1/masters/epic-ruins_german-shepherd-dog_16x9_v02.webp	7a47743b445d4bd2ee0374b2b63741a9fe509c223ab5264f7038089ff68bc541
preview	samples/image-template-previews/pet-life-journal-d7a87fba5d3d.webp	tools/imagegen/out/reference-v1/masters/pet-life-journal_toy-poodle-dog_9x16_v01.webp	d7a87fba5d3d2fe7af7724770c52690265b3aad1d849de88cfdbd53270544a6e
preview	samples/image-template-previews/fish-chase-e1afae3de413.webp	tools/imagegen/out/reference-v1/masters/fish-chase_owner-f01_tuxedo-cat_9x16_v04.webp	e1afae3de41319c73e488ce4034cea84f7c6c5e2326ed0df9de72e8b937bd10c
preview	samples/image-template-previews/garden-together-005ea7abd8bb.webp	tools/imagegen/out/reference-v1/masters/garden-together_owner-f02_cream-cat_9x16_v01.webp	005ea7abd8bbce4310f23992eb6d829e464be4c92a6945579da4277ba2214ef1
preview	samples/image-template-previews/street-comic-together-f3df172173bd.webp	tools/imagegen/out/reference-v1/masters/street-comic-together_owner-m01_shiba-dog_9x16_v01.webp	f3df172173bd51c5ed824788f53127a630267fcee210ca5319338b6caca8e057
preview	samples/image-template-previews/night-together-424aeb7d8e1a.webp	tools/imagegen/out/reference-v1/masters/night-together_owner-m02_husky-dog_9x16_v01.webp	424aeb7d8e1aad7e4aa5e5e5d115419e9924f1eff515646c7c035ea6aff1d7c3
preview	samples/image-template-previews/animal-desert-pilot-fc04632d29a1.webp	tools/imagegen/out/reference-v1/masters/animal-desert-pilot_shepherd-dog_9x16_v01.webp	fc04632d29a1d08108f29a75a9c403b873d0fc471dc48b7e95e57b1c4bc81d2a
preview	samples/image-template-previews/animal-headphone-streetwear-911c9bf3cc46.webp	tools/imagegen/out/reference-v1/masters/animal-headphone-streetwear_blue-british-cat_9x16_v02.webp	911c9bf3cc468c6ff53f1ca4da7fc76b9b4b3baec6d6fa20d076a8fb38df69f0
preview	samples/image-template-previews/animal-sunglasses-rabbit-163c1dc99645.webp	tools/imagegen/out/reference-v1/masters/animal-sunglasses-rabbit_cream-cat_9x16_v02.webp	163c1dc99645fba89997c466c12a955f5fa3c2f2385bf96aa7fc076e4cf8816f
preview	samples/image-template-previews/animal-capybara-snapshot-18aeb7bcc0d2.webp	tools/imagegen/out/reference-v1/masters/animal-capybara-snapshot_golden-dog_9x16_v02.webp	18aeb7bcc0d2e88a44d0a291cf8af1341b1364f76b21f2886c922fdb54732807
preview	samples/image-template-previews/animal-giant-city-companion-41bbb8ca30f7.webp	tools/imagegen/out/reference-v1/masters/animal-giant-city-companion_public-v02-master-v01.webp	41bbb8ca30f7ec488c0da33c2ddebeca291fc8a68e24a6bb286c8f1835a200fe
preview	samples/image-template-previews/animal-doodle-fisheye-chicken-43759e12d722.webp	tools/imagegen/out/reference-v1/masters/animal-doodle-fisheye-chicken_public-v02-master-v01.webp	43759e12d722b2f6380087e324ca6c10097e561d83eaeac214a9ecb0ef8bb22f
preview	samples/image-template-previews/animal-car-window-westie-ce10c248c6be.webp	tools/imagegen/out/reference-v1/masters/animal-car-window-westie_public-v02-master-v01.webp	ce10c248c6befe6e6e262f8247828453d73d4503bbffb33a1c0ccdc400a78955
preview	samples/image-template-previews/animal-enamel-cat-beast-3672325be667.webp	tools/imagegen/out/reference-v1/public-previews/animal-enamel-cat-beast_ragdoll-cat_9x16_v02.webp	3672325be6671b5aab05b9002cfa6f17d3e3ffd87470e39f14205861dccd18c0
preview	samples/image-template-previews/animal-glass-paw-portrait-6e0a57339333.webp	tools/imagegen/out/reference-v1/public-previews/animal-glass-paw-portrait_toy-poodle-dog_9x16_v02.webp	6e0a57339333a8a7dfc6f83e9472da063386cd73e15f0208f79a3c18864d1f79
preview	samples/image-template-previews/animal-urban-takeover-poster-aab05fb3a5f5.webp	tools/imagegen/out/reference-v1/masters/animal-urban-takeover-poster_tuxedo-cat_9x16_v01.webp	aab05fb3a5f53062ea526f450b9e00ac4710fefc52873a5fa15c4a1927be098c
preview	samples/image-template-previews/animal-warrior-cat-75e8984bfb4b.webp	tools/imagegen/out/reference-v1/masters/animal-warrior-cat_abyssinian-cat_9x16_v02.webp	75e8984bfb4b3c2853367362ce5fc7648c39a008df04ee07c7e184e291e6d446
preview	samples/image-template-previews/animal-sunglasses-rabbit-alt-8812cad9e909.webp	tools/imagegen/out/reference-v1/masters/animal-sunglasses-rabbit-alt_golden-dog_9x16_v02.webp	8812cad9e9094dd65c4abd3565e0ce6b0489d801962fceef145038c152c756d2
preview	samples/image-template-previews/animal-pink-scooter-1f0caec0e1df.webp	tools/imagegen/out/reference-v1/masters/animal-pink-scooter_corgi-dog_9x16_v01.webp	1f0caec0e1df626638a74dfe431e1d13d87a2fc1f636fdbb5823894dd4715221
preview	samples/image-template-previews/animal-haunted-cctv-panels-dd6e1a01e2ee.webp	tools/imagegen/out/reference-v1/masters/animal-haunted-cctv-panels_shiba-dog_9x16_v01.webp	dd6e1a01e2eeafe3faed6250daf89fddb3eb875076e5dac7c114fd99000d1e49
preview	samples/image-template-previews/animal-sword-cat-alt-cf590e99fc55.webp	tools/imagegen/out/reference-v1/public-previews/animal-sword-cat-alt_silver-abyssinian-cat_9x16_v02.webp	cf590e99fc55a7d00ee2137bb9713a031448499f14bc0a7bab664e519f81c9dc
preview	samples/image-template-previews/animal-enamel-dragon-ae44bbbcdb96.webp	tools/imagegen/out/reference-v1/masters/animal-enamel-dragon_husky-dog_9x16_stylebridge-v02.webp	ae44bbbcdb96acc6a18e24e200019d61e455a853224ea58744a3b10f2d8bd022
preview	samples/image-template-previews/animal-giant-law-poster-8350536372ed.webp	tools/imagegen/out/reference-v1/masters/animal-giant-law-poster_shepherd-dog_9x16_stylebridge-v04.webp	8350536372ede043478046c1148281023f1b8927f6cef2dd6f4fa4db9012d298
preview	samples/image-template-previews/animal-tiger-storm-6b9dc5cd3c13.webp	tools/imagegen/out/reference-v1/masters/animal-tiger-storm_golden-dog_9x16_stylebridge-v02.webp	6b9dc5cd3c136a242ea383a71075d2bdd961fc7aee5ce6c663bcbd33efe8de90
preview	samples/image-template-previews/animal-rabbit-yokai-c0a115de22a5.webp	tools/imagegen/out/reference-v1/masters/animal-rabbit-yokai_cream-cat_9x16_stylebridge-v03.webp	c0a115de22a50cd3bccd49815e98b8d5d26032bba31e48dcea09fbc302d8e6a1
preview	samples/image-template-previews/animal-watercolor-cat-closeup-e1e6abeba4d4.webp	tools/imagegen/out/reference-v1/masters/animal-watercolor-cat-closeup_ragdoll-cat_9x16_stylebridge-v03.webp	e1e6abeba4d4bc3ff8976b9b6ef9bc7e392dd3af3a22fa4ad5cfbdbf373f0174
preview	samples/image-template-previews/animal-fantasy-double-exposure-243baf5783f3.webp	tools/imagegen/out/reference-v1/masters/animal-fantasy-double-exposure_black-lab-dog_9x16_eastern-myth-v02.webp	243baf5783f3f27f3366d6648ebd7f9543674cce3ce73c08a376c7a27c8b3def
preview	samples/image-template-previews/fun-breed-expression-grid-d1c4152bc5fc.webp	tools/imagegen/out/reference-v1/masters/fun-breed-expression-grid_corgi-dog_9x16_v01.webp	d1c4152bc5fcbb8d9f022a41992af5a601ed3eb6b2e17edb47ddfc8b9ab94c40
preview	samples/image-template-previews/fun-bubble-cat-69710dea4cf2.webp	tools/imagegen/out/reference-v1/masters/fun-bubble-cat_cream-cat_9x16_v01.webp	69710dea4cf2ab848a2eb93c6da50f87c9d5ee6ac93859f1fd45b946f064efa2
preview	samples/image-template-previews/fun-heart-comic-5f9f66be529f.webp	tools/imagegen/out/reference-v1/masters/fun-heart-comic_cream-cat_9x16_v01.webp	5f9f66be529f6ba1f66bb6648950859683e4441fdf9273a6215b25b630d380aa
preview	samples/image-template-previews/fun-handwritten-greeting-5595565a16c1.webp	tools/imagegen/out/reference-v1/masters/fun-handwritten-greeting_corgi-dog_9x16_v01.webp	5595565a16c16d45edb07fa9c4f3c6c422eb3450beef28738efa61ee4df4b806
preview	samples/image-template-previews/travel-rome-dog-selfie-f6c0eb880908.webp	tools/imagegen/out/reference-v1/masters/travel-rome-dog-selfie_corgi-dog_9x16_v01.webp	f6c0eb880908a6f015283afa59e485b0e7feec26d55bb4e1a5988e2163420217
preview	samples/image-template-previews/travel-great-wall-drink-c4342bfb0cc9.webp	tools/imagegen/out/reference-v1/masters/travel-great-wall-drink_husky-dog_9x16_v01.webp	c4342bfb0cc9cad1bd6336a5135c396e19ab1ba858db12eff8146c5f7bab890c
preview	samples/image-template-previews/travel-alpine-expedition-4892416eb16c.webp	tools/imagegen/out/reference-v1/masters/travel-alpine-expedition_golden-dog_9x16_v01.webp	4892416eb16c65832b367d8908db5d6b5d5ced8d2fc17858186173379714dc91
preview	samples/image-template-previews/travel-glass-summer-a6f5669deade.webp	tools/imagegen/out/reference-v1/masters/travel-glass-summer_tuxedo-cat_9x16_v01.webp	a6f5669deade10ee71ab1d43b505f647c4d290cfba45743569f69f5cbd2e5017
preview	samples/image-template-previews/pet-streetwear-editorial-7b2f1e589489.webp	tools/imagegen/out/reference-v1/masters/pet-streetwear-editorial_blue-british-cat_9x16_v01.webp	7b2f1e589489a1636cb33e1cd2ba832c560107147d2d9d13452aeff27c97e639
preview	samples/image-template-previews/pet-autumn-festival-b692c737ce20.webp	tools/imagegen/out/reference-v1/masters/pet-autumn-festival_shiba-dog_9x16_v01.webp	b692c737ce20914eb95169e5aff7db0a3c25022f8184254802e90584f4a43230
preview	samples/image-template-previews/pet-forest-editorial-4a90eb0e6cf9.webp	tools/imagegen/out/reference-v1/masters/pet-forest-editorial_poodle-dog_9x16_v01.webp	4a90eb0e6cf9fc28d30c1d0770aa2db549b54ec04040240aaf6415f77afb9bab
preview	samples/image-template-previews/pet-monocle-editorial-9d40c04b0935.webp	tools/imagegen/out/reference-v1/masters/pet-monocle-editorial_golden-dog_9x16_v01.webp	9d40c04b09353c8bd80367543c204b379df093bcaf9c8891150ee8924eaca5a1
preview	samples/image-template-previews/action-giant-companion-ee03411029a9.webp	tools/imagegen/out/reference-v1/masters/action-giant-companion_ragdoll-cat_9x16_v01.webp	ee03411029a99ef8809e5f65b713fa5c96a68f6acc8fa9fe5a76ab2fc3f026ab
preview	samples/image-template-previews/action-original-sci-fi-poster-9c0f2b1f8cd4.webp	tools/imagegen/out/reference-v1/masters/action-original-sci-fi-poster_shepherd-dog_9x16_v01.webp	9c0f2b1f8cd493df22fd0eacbb7c5ec6053a8eb28198a42c0df6fc39cc2540e1
preview	samples/image-template-previews/character-outfit-grid-6dd9f9f41a8d.webp	tools/imagegen/out/reference-v1/masters/character-outfit-grid_husky-dog_9x16_v03.webp	6dd9f9f41a8d451ba061e00015c32f77160f315b08654c0e374dbd80538caac4
preview	samples/image-template-previews/character-product-blueprint-bb078b77ea8a.webp	tools/imagegen/out/reference-v1/masters/character-product-blueprint_corgi-dog_9x16_v04.webp	bb078b77ea8a0411e77cb61f754cd24506edd02b5405659c578e32d855994889
preview	samples/image-template-previews/character-snow-leopard-f399ef35aaa1.webp	tools/imagegen/out/reference-v1/masters/character-snow-leopard_tuxedo-cat_9x16_v05.webp	f399ef35aaa10c4507c4d6478087919a86ccf94b23db16aff448820b696af0a2
preview	samples/image-template-previews/character-white-tiger-1223945670fe.webp	tools/imagegen/out/reference-v1/masters/character-white-tiger_blue-british-cat_9x16_v04.webp	1223945670fee696dce29c615ffc64beeeab1eaa64bf23c82d068c3c8dc6b4a9
preview	samples/image-template-previews/character-mini-display-fd16dadc6131.webp	tools/imagegen/out/reference-v1/masters/character-mini-display_shiba-dog_9x16_v04.webp	fd16dadc6131ff08c461e658cdcf8f61e0a1e0c064576527642aba319a24d3ce
preview	samples/image-template-previews/archive-career-poster-29c191ad266f.webp	tools/imagegen/out/reference-v1/masters/archive-career-poster_black-lab-dog_9x16_v01.webp	29c191ad266ffbf81edb12d673e1fa075ab35287c138bc1f6bd6ea504c59f4d5
preview	samples/image-template-previews/archive-memory-double-exposure-190b34cc6fb7.webp	tools/imagegen/out/reference-v1/masters/archive-memory-double-exposure_cream-cat_9x16_v01.webp	190b34cc6fb7b56a071d34be4bd5a495903176fc2ab2b0207b3679fb6127eb7e
preview	samples/image-template-previews/archive-dragon-atlas-fbbbc6fbc8cc.webp	tools/imagegen/out/reference-v1/masters/archive-dragon-atlas_dragon-li-cat_9x16_v01.webp	fbbbc6fbc8ccccb3cf5a87e4fb6d335b6c4053c6f9dbac88d7430d04fd1fae43
preview	samples/image-template-previews/ink-silhouette-ed16c5c7eda4.webp	tools/imagegen/out/reference-v1/masters/ink-silhouette_black-lab-dog_9x16_v02.webp	ed16c5c7eda48d5898302e1a64b8795acc220523de6589b2b299082388860f8e
preview	samples/image-template-previews/ink-fullbody-flight-8800ea7f50c0.webp	tools/imagegen/out/reference-v1/masters/ink-fullbody-flight_tuxedo-cat_9x16_v02.webp	8800ea7f50c0e4132e17e17b8a7a8697d39c9a84003af071530ab059f7a69338
preview	samples/image-template-previews/ink-brush-avatar-8df38948469b.webp	tools/imagegen/out/reference-v1/masters/ink-brush-avatar_golden-dog_9x16_v01.webp	8df38948469b4107603a514af7e50e86783a4ec53376c8d526f1855e3ae077fa
preview	samples/image-template-previews/pet-milk-tea-shopkeeper-c88f2aafc907.webp	tools/imagegen/out/reference-v1/masters/pet-milk-tea-shopkeeper_public-v01-master-v01.webp	c88f2aafc907b1772f7c909f71835e1f6c15eba5913478ba89bdf305881cbeaf
preview	samples/image-template-previews/fun-chef-expression-grid-d9c9d2584cde.webp	tools/imagegen/out/reference-v1/masters/fun-chef-expression-grid_siberian-longhair-cat_9x16_v02.webp	d9c9d2584cdea948178a8d73b3150fd00b126b28cb2273b291db73e7443876ca
preview	samples/image-template-previews/fun-scream-reaction-c3b2acd53a29.webp	tools/imagegen/out/reference-v1/masters/fun-scream-reaction_husky-dog_9x16_v02.webp	c3b2acd53a290a6e076bdb1649c4515a4530bd1c7518479ff9632177c612535e
preview	samples/image-template-previews/fun-comic-panels-72dca582f7eb.webp	tools/imagegen/out/reference-v1/masters/fun-comic-panels_tuxedo-cat_9x16_v03.webp	72dca582f7eb2d8607a37a2fa16ec048732652b4653f767c96f7dcf31298d73d
preview	samples/image-template-previews/fun-beach-caption-c2518f34eb41.webp	tools/imagegen/out/reference-v1/masters/fun-beach-caption_shiba-dog_9x16_v02.webp	c2518f34eb4169842e7a0c0c83d1aede610c5f06e55f5f789c12c22f05d2df7b
preview	samples/image-template-previews/fun-bunny-reaction-90c37c304654.webp	tools/imagegen/out/reference-v1/masters/fun-bunny-reaction_longhair-chihuahua-dog_9x16_v02.webp	90c37c30465402eae8a80e0fa9c0c90950495103a120b91d67614cbafa3f133c
preview	samples/image-template-previews/fun-fisheye-closeup-446494747c63.webp	tools/imagegen/out/reference-v1/masters/fun-fisheye-closeup_black-cat_9x16_v03.webp	446494747c6390ec84d7f2814044a4ab1e6a097c320ba89684cba85a93ea7fad
preview	samples/image-template-previews/travel-paris-dog-selfie-52e868ef3f8a.webp	tools/imagegen/out/reference-v1/masters/travel-paris-dog-selfie_black-lab-dog_9x16_v03.webp	52e868ef3f8a48ff9c25867fe0cde91731671f065f23fb856424346d205c0231
preview	samples/image-template-previews/archive-fish-anatomy-cf9676c5dfdb.webp	tools/imagegen/out/reference-v1/masters/archive-fish-anatomy_blue-british-cat_9x16_v02.webp	cf9676c5dfdb50420dd9c836f4b31a57421cf986ac35ec27eff9893857c0580f
master	samples/image-templates/together-selfie-photobomb-a5b6e0167f39.webp	tools/imagegen/out/reference-v1/masters/together-selfie-photobomb_9x16_v01.webp	a5b6e0167f3902db45da8e71bb7bc4576a35ee295c76aa8a28d8396372043450
master	samples/image-templates/together-sofa-yawn-abcd58385c2f.webp	tools/imagegen/out/reference-v1/masters/together-sofa-yawn_9x16_v01.webp	abcd58385c2fc4fbded6790b9d2622f086eb53556306ffc49312567160e85e0e
master	samples/image-templates/together-rainy-umbrella-8fa325d1d451.webp	tools/imagegen/out/reference-v1/masters/together-rainy-umbrella_9x16_v01.webp	8fa325d1d45164570b66d4382c7bdca72fbf60fb1dd9c5df3e27bf1e4023a21b
master	samples/image-templates/together-window-nap-1c3fd65a793a.webp	tools/imagegen/out/reference-v1/masters/together-window-nap_9x16_v01.webp	1c3fd65a793a407b46f11feb9745e032fd4b8d9c656ccfa185b822a106b88212
preview	samples/image-template-previews/together-selfie-photobomb-9443cc563662.webp	tools/imagegen/out/reference-v1/public-previews/together-selfie-photobomb_9x16_v01.webp	9443cc5636620b246d4df6b1b564831f03ddced50cf0cb46d0b54e139bc02341
preview	samples/image-template-previews/together-sofa-yawn-526dcf4cecab.webp	tools/imagegen/out/reference-v1/public-previews/together-sofa-yawn_9x16_v01.webp	526dcf4cecab165130aabf1e8c9eccd1f37da58bc439ce991418062349df78a0
preview	samples/image-template-previews/together-rainy-umbrella-c5a30820b391.webp	tools/imagegen/out/reference-v1/public-previews/together-rainy-umbrella_9x16_v01.webp	c5a30820b391db24100cff88356edf97defa625ff952f043bd5a0bad6b9210f8
preview	samples/image-template-previews/together-window-nap-50e13798cd29.webp	tools/imagegen/out/reference-v1/public-previews/together-window-nap_9x16_v01.webp	50e13798cd29f3e0d1aecf055e4e4ed6528d8b0feaccd7b7ba039c4afbab758d
human	samples/image-templates/human-effect-01-a927e036d08d.webp	tools/imagegen/out/pet-human-v2/effects/1.webp	a927e036d08da61c534771fdc91febf8942a2b82ce8196a0018733daa01e5481
human	samples/image-templates/human-effect-02-30c797531c47.webp	tools/imagegen/out/pet-human-v2/effects/2.webp	30c797531c4748d3ebfc1b27a27dac2a4ca7abd9bb726e1442a9dbb1c8c75acf
human	samples/image-templates/human-effect-03-1b1a9db5a435.webp	tools/imagegen/out/pet-human-v2/effects/3.webp	1b1a9db5a43537225b5554c5c8b17f11d285979e277271abf49c5be0854e4b40
human	samples/image-templates/human-effect-04-ccc17cf9c205.webp	tools/imagegen/out/pet-human-v2/effects/4.webp	ccc17cf9c205e465b99d7a3f1c495e3c219b1611aec0b5af2b7ced3db3dcbce8
human	samples/image-templates/human-effect-05-bd4a6e9079d6.webp	tools/imagegen/out/pet-human-v2/effects/5.webp	bd4a6e9079d6785bcf84e396e980b3f36a1eb43b3fd111fb4830467f3051fa57
human	samples/image-templates/human-effect-06-82930d1920c4.webp	tools/imagegen/out/pet-human-v2/effects/6.webp	82930d1920c446bf8197cdf8446a2805f730025cd6530da5474614990871e5bf
human	samples/image-templates/human-effect-07-290fc960f7cc.webp	tools/imagegen/out/pet-human-v2/effects/7.webp	290fc960f7cc9aa6ffa94c5bcdb7f04905577625375e99a1258f3970dfc27e0a
human	samples/image-templates/human-effect-08-12f0dd2d6746.webp	tools/imagegen/out/pet-human-v2/effects/8.webp	12f0dd2d6746c4e43823ea4c4f5eb9d0c81cf3e8661b1534336257242c339f93
human	samples/image-templates/human-effect-09-21e504d1316f.webp	tools/imagegen/out/pet-human-v2/effects/9.webp	21e504d1316ff2f1492bef3dcbaa689fcccfd8a59a68d424fa232b79cfacd03d
human	samples/image-templates/human-effect-10-65bb836ea431.webp	tools/imagegen/out/pet-human-v2/effects/10.webp	65bb836ea431e8b5b81292afb377f6a0b8b75cb4e665b37e5f3d4c244aded2a1
human	samples/image-templates/human-effect-11-11b5aa226d33.webp	tools/imagegen/out/pet-human-v2/effects/11.webp	11b5aa226d33657dbf3496afe7e6fbe838455eb39f54594dcf13fd049c8b62b3
human	samples/image-templates/human-effect-12-77a2d28b95c1.webp	tools/imagegen/out/pet-human-v2/effects/12.webp	77a2d28b95c10e638bba91c27ad63498d424517efbb6a15151d72b97fcea1bca
human	samples/image-templates/human-effect-13-6e8a5b6cc997.webp	tools/imagegen/out/pet-human-v2/effects/13.webp	6e8a5b6cc997d13d80c1979e8f654e568a39f87e3c7139c81b193d76e037d20e
human	samples/image-templates/human-effect-14-9486bbcc4644.webp	tools/imagegen/out/pet-human-v2/effects/14.webp	9486bbcc46446d7d11c19000f083a9070cd0d1387fd2d83c721700017b6b655c
human	samples/image-templates/human-effect-15-771b705c8249.webp	tools/imagegen/out/pet-human-v2/effects/15.webp	771b705c8249bdd495d198a219ba21c3e79c9cbec7d4e0634b037c11840f49cf
human	samples/image-templates/human-effect-16-7780c8f70285.webp	tools/imagegen/out/pet-human-v2/effects/16.webp	7780c8f7028518fd25765c5ce3c1c02beabf8f24f15da9a532dd283f015e1532
human	samples/image-templates/human-effect-17-1b3593483479.webp	tools/imagegen/out/pet-human-v2/effects/17.webp	1b359348347982f0fe769ac57ea64b462110ca27306c31027bcfcf39a916478d
human	samples/image-templates/human-effect-18-294820366b14.webp	tools/imagegen/out/pet-human-v2/effects/18.webp	294820366b1414c5391a51956fb537d97a476a87ce49be9a3fc9b3738a3a13e1
human	samples/image-templates/human-effect-19-a200dce06825.webp	tools/imagegen/out/pet-human-v2/effects/19.webp	a200dce0682546cb4d6a0f3e5c00191f59870a71c2c1b4032c8cf9229baeae9e
human	samples/image-templates/human-effect-20-4a8541055192.webp	tools/imagegen/out/pet-human-v2/effects/20.webp	4a8541055192133a5995944eed36641ec6c3fb82cf9504574e9d8ac725849cf9
human	samples/image-templates/human-effect-21-90776adfd549.webp	tools/imagegen/out/pet-human-v2/effects/21.webp	90776adfd549438ef118161d699157609e33308337a5fed630240f77f31d8016
human	samples/image-templates/human-effect-22-e487fd46400c.webp	tools/imagegen/out/pet-human-v2/effects/22.webp	e487fd46400cf508a56a4b4508dc8237899f27ef6210cd05ab4a576af08572de
human	samples/image-templates/human-effect-23-c648aa659485.webp	tools/imagegen/out/pet-human-v2/effects/23.webp	c648aa659485ab1a1074da8dfc5fe17db6a49be0ce773cc5319cefbb82602676
human	samples/image-templates/human-effect-24-3d5898c03757.webp	tools/imagegen/out/pet-human-v2/effects/24.webp	3d5898c03757eb249939f593a249b7efd6dc6fc3ab9adf81cbd5b502358e1a41
human	samples/image-templates/human-effect-25-2fc22e61a114.webp	tools/imagegen/out/pet-human-v2/effects/25.webp	2fc22e61a114e424680b03cbfe34f806a36aab9b7f5447c93e4cc07863ae7c5b
human	samples/image-templates/human-effect-26-af4a29f85ef1.webp	tools/imagegen/out/pet-human-v2/effects/26.webp	af4a29f85ef187944c79c87c691fc778f111b8038fa4be5cdc653680209f7ea4
human	samples/image-templates/human-effect-27-ccec562a1dc6.webp	tools/imagegen/out/pet-human-v2/effects/27.webp	ccec562a1dc6fc0829b8ab612aee9b6960a05d852eb23ba3c64b0c0e549fa720
human	samples/image-templates/human-effect-28-66ff11375df1.webp	tools/imagegen/out/pet-human-v2/effects/28.webp	66ff11375df10ee58cc45b3e7276bd7d83b3ce3f4e3660b77e89b7bb39e33a5f
human	samples/image-templates/human-effect-29-34e10c51ce58.webp	tools/imagegen/out/pet-human-v2/effects/29.webp	34e10c51ce58abcb8154ebf1086db2d3cdba6fb02170bb2fa0a1c95069e51ec7
human	samples/image-templates/human-effect-30-42e99d930586.webp	tools/imagegen/out/pet-human-v2/effects/30.webp	42e99d930586416ffaf8454dd2d2c232dc1bf3f6e6a8bbf0be490b44976de2c9
human	samples/image-templates/human-effect-31-4f33700902a6.webp	tools/imagegen/out/pet-human-v2/effects/31.webp	4f33700902a6f323a0ad59c88f888dd92c731001ff8aca60fde0152632c4fef2
human	samples/image-templates/human-effect-32-cf7a9549c795.webp	tools/imagegen/out/pet-human-v2/effects/32.webp	cf7a9549c795f4610cd5f3eb4f3dca97802062fb37bf0bcde06734fc1bd12202
human	samples/image-templates/human-effect-33-d937d17790d0.webp	tools/imagegen/out/pet-human-v2/effects/33.webp	d937d17790d046d9fdc65240722cfee78bef9a977b69078990fd5295670a7c59
human	samples/image-templates/human-effect-34-c460841fd9c7.webp	tools/imagegen/out/pet-human-v2/effects/34.webp	c460841fd9c713eea89d0d55bc483d4743516e117c9839d0f02a880b31fc8b78
human	samples/image-templates/human-effect-35-e5475d671682.webp	tools/imagegen/out/pet-human-v2/effects/35.webp	e5475d671682814c00f46ec79a41be2f98f5d4481f65b573c56121fde27c2f4c
human	samples/image-templates/human-effect-36-e59958e39d32.webp	tools/imagegen/out/pet-human-v2/effects/36.webp	e59958e39d32b6c9e9a4c96c402ff628c50cf950b67eae71bef646589bb0af8f
human	samples/image-templates/human-effect-37-cd8ed373733a.webp	tools/imagegen/out/pet-human-v2/effects/37.webp	cd8ed373733a1d2f08325a911bf083a4132019f435d2adce31cd494c07c6013c
human	samples/image-templates/human-effect-38-d50883eb1583.webp	tools/imagegen/out/pet-human-v2/effects/38.webp	d50883eb15839ea73b8569a4c6e182b58fc6b5d7b2b7bce8df94db6fac0dd81a
human	samples/image-templates/human-effect-39-046d7a55f026.webp	tools/imagegen/out/pet-human-v2/effects/39.webp	046d7a55f0261d7857fb79635add781964a5b4733d74d3ba27a487d4a3a0fc85
human	samples/image-templates/human-effect-40-4874f74e1026.webp	tools/imagegen/out/pet-human-v2/effects/40.webp	4874f74e102644e2d5d494f6eb3700f3d4460225bb37bdda3de4d35673c427fa
